,Model,Accuracy
0,RSSM Discrete,0.7136929460580913
1,Multistep Predictor,0.3900414937759336
2,Multistep Delta,0.5767634854771784
