,Model,Score,MSE
0,RSSM Discrete,0.04979253112033195,3.7584190368652344
