,Model,Score,MSE
0,Transformer,0.21991701244813278,5.037603855133057
