,Model,Accuracy,Goal Num,MSE
0,Transformer,0.5769230769230769,2nd Goal,3.918309211730957
1,Transformer,0.4423076923076923,3rd Goal,3.918309211730957
