,Model,Accuracy,Goal Num,MSE
0,RSSM Discrete,0.4519230769230769,2nd Goal,4.656010150909424
1,RSSM Discrete,0.07692307692307693,3rd Goal,4.656010150909424
2,Multistep Predictor,0.5865384615384616,2nd Goal,3.7228784561157227
3,Multistep Predictor,0.4326923076923077,3rd Goal,3.7228784561157227
