,Model,Accuracy
0,RSSM Discrete,0.7302904564315352
1,Multistep Predictor,0.3900414937759336
