,Model,Score,MSE
0,Multistep Predictor,0.06639004149377593,4.162124156951904
