,Model,Score,MSE
0,RSSM Discrete,0.4024896265560166,3.102410078048706
1,Multistep Predictor,0.06639004149377593,4.162124156951904
