,Model,Accuracy
0,RSSM Discrete,0.950207468879668
1,Multistep Predictor,0.49377593360995853
