,accuracy,precision,recall,model
0,0.6579564489112227,0.5767123287671233,0.6763052208835342,Transformer Iris Dropout 0.1
1,0.6981574539363484,0.6607476635514019,0.5678714859437751,Transformer Iris MP Window 10
2,0.7025125628140704,0.6569920844327177,0.6,Transformer Iris MP Window 30
3,0.6613065326633166,0.5856515373352855,0.642570281124498,Transformer Iris MP Window 50
4,0.6586264656616415,0.5818840579710145,0.6449799196787148,Transformer Iris MP Window 70
5,0.6388609715242881,0.5548260013131976,0.678714859437751,Transformer Iris MP Square 40
6,0.6522613065326633,0.5722260990928123,0.6586345381526104,Transformer Iris MP Square 50
7,0.6184254606365159,0.5327970297029703,0.691566265060241,Transformer Iris MP Square 60
8,0.6683417085427136,0.6052848885218828,0.5887550200803213,Transformer Iris MP Square 70
