model,mean,std
Multistep Predictor,8.301362991333008,0.026459730928209167
RSSM Discrete,8.377230008443197,0.09000327064696378
RSSM Continuous,9.210179646809896,0.45341808151171975
Multistep Delta,8.49453067779541,0.0693918109418835
Transformer,12.289880434672037,0.506843980560748
SGNet,8.069881757100424,0.0888447676420116
Hierarchical Oracle Model,2.88387123743693,0.07619765153263813
