model,mean,std
Multistep Predictor,8.517047882080078,0.025022427622526683
RSSM Discrete,8.399424235026041,0.12095663710637998
RSSM Continuous,10.507408459981283,1.2618571193222028
Multistep Delta,8.754849433898926,0.10911633920676286
Transformer,13.510769526163736,0.6937961052872378
SGNet,8.149095217386881,0.09156844557785912
Hierarchical Oracle Model,1.126972754796346,0.14093148470994246
