,model,score,MSE
0,IMMA,0.0,2.3179032802581787
1,GAT,0.540084388185654,4.093798637390137
2,RFM,0.24050632911392406,26.20601463317871
3,RFM RNN,0.02109704641350211,4.031430244445801
