,model,score,ADE,FDE,epoch,dataset
0,SGNet 10,0.2540983606557377,8.082021713256836,8.022191047668457,2000,swm_data.pkl
