model,mean,std
Multistep Predictor,9.126832008361816,0.06502810856992552
RSSM Discrete,10.87452507019043,0.09469112823221452
RSSM Continuous,11.531261444091797,1.6882334447346241
Multistep Delta,9.985928853352865,0.14351291637701716
Transformer,15.640386899312338,1.1721039391826942
SGNet,10.099934260050455,0.31177016784786254
Hierarchical Oracle Model,0.9809114933013916,0.16746206005037292
