,model,score,MSE
0,RSSM Discrete,0.14107883817427386,3.7786121368408203
