,accuracy,precision,recall,model
0,0.7946398659966499,0.8599088838268792,0.606425702811245,RSSM Discrete
1,0.5299832495812395,0.4675164473684211,0.9132530120481928,Multistep Predictor
2,0.7654941373534339,0.7859391395592865,0.6016064257028112,Multistep Delta
