model,mean,std
Multistep Predictor,8.169306755065918,0.05188445982658046
RSSM Discrete,8.193474451700846,0.13092351752323989
RSSM Continuous,9.440509160359701,0.4915624432972273
Multistep Delta,8.497379620869955,0.08097256043615765
Transformer,12.405170122782389,0.4187415627242085
SGNet,8.104536056518555,0.06657183646679714
Hierarchical Oracle Model,2.726586103439331,0.06387407495392751
