model,mean,std
Multistep Predictor,8.606143315633139,0.0316162615860651
RSSM Discrete,10.034067789713541,0.059515277007874796
RSSM Continuous,10.728134791056315,0.8353801227236076
Multistep Delta,9.40481154123942,0.07698701542687116
Transformer,13.618319829305014,0.6095160633814284
SGNet,9.592137336730957,0.2586322280495079
Hierarchical Oracle Model,3.74132506052653,0.023440280324505687
