,model,score,MSE
0,RSSM Discrete,0.43568464730290457,3.0119364261627197
1,Multistep Predictor,0.06639004149377593,4.162124156951904
