,model,g2_acc,g2_goal_num,g2_mse,acc_g3,g3_goal_num,g3_mse
0,RSSM Discrete,0.46153846153846156,2nd Goal,4.424740314483643,0.1346153846153846,3rd Goal,4.424740314483643
1,Multistep Predictor,0.5769230769230769,2nd Goal,4.144513130187988,0.4807692307692308,3rd Goal,4.144513130187988
2,Multistep Delta,0.5673076923076923,2nd Goal,3.561310052871704,0.3942307692307692,3rd Goal,3.561310052871704
