,model,score,ADE,FDE,epoch,dataset
0,MP DS20000,0.08196721311475409,8.641244888305664,9.079551696777344,10000,swm_data.pkl
