,model,g2_acc,g2_goal_num,g2_mse,g3_acc,g3_goal_num,g3_mse,epoch,dataset
0,SGNet-H512,0.1702127659574468,2nd Goal,3.2163214683532715,0.10638297872340426,3rd Goal,3.2163214683532715,600,data_5_31_23.pkl
