model,mean,std
Multistep Predictor,5.970556100209554,0.07152637300733514
RSSM Discrete,5.986220836639404,0.08046602111918998
RSSM Continuous,8.48153860727946,1.2887432311103262
Multistep Delta,5.9564409255981445,0.05044725728022371
Transformer,12.95381228129069,0.4038004315928775
SGNet,6.251811822255452,0.04470810422371831
Hierarchical Oracle Model,1.2904058297475178,0.11578308495535634
