,accuracy,precision,recall,model
0,0.7517587939698492,1.0,0.40481927710843374,Transformer Iris
