,accuracy,precision,recall,model
0,0.5809045226130654,0.4987244897959184,0.9421686746987952,Transformer
