,model,score,MSE
0,Multistep Predictor,0.0981012658227848,1.9752843379974365
1,RSSM Discrete,0.14135021097046413,2.164280891418457
2,RSSM Continuous,0.011603375527426161,1.1314302744734638e+29
