,accuracy,precision,recall,model
0,0.4187604690117253,0.4176747311827957,0.9983935742971888,RSSM Discrete
