,model,score,MSE
0,Transformer Iris,0.1728395061728395,7.1782732009887695
1,Transformer Iris Concat Pos Embd,0.15123456790123457,7.231044769287109
2,Transformer Iris Concat Pos Embd lr1e-4,0.05864197530864197,7.263522624969482
3,Transformer Iris Concat Pos Embd lr1e-5,0.10802469135802469,7.507747650146484
