,model,score,MSE
0,RSSM Discrete,0.44813278008298757,2.8774349689483643
1,Multistep Predictor,0.3360995850622407,3.7660412788391113
2,Multistep Delta,0.44398340248962653,3.306190252304077
