,accuracy,precision,recall,model
0,0.6596314907872697,0.5831517792302106,0.6449799196787148,Transformer Iris Dropout 0.1
