,model,g2_acc,g2_goal_num,g2_mse,g3_acc,g3_goal_num,g3_mse
0,Transformer,0.6634615384615384,2nd Goal,3.249249219894409,0.49038461538461536,3rd Goal,3.249249219894409
