model,mean,std
Multistep Predictor,5.280840078989665,0.03381164268930873
RSSM Discrete,5.252084732055664,0.06297396682532778
RSSM Continuous,6.539334138234456,0.5041697641414284
Multistep Delta,5.257383664449056,0.038265964538138825
Transformer,11.084965705871582,0.22116532317967785
SGNet,5.931895573933919,0.06449718724436719
Hierarchical Oracle Model,3.2484137217203775,0.023357445070574474
