,model,score,MSE
0,RSSM Discrete,0.46887966804979253,2.8948709964752197
1,Multistep Predictor,0.0912863070539419,4.158944606781006
2,Multistep Delta,0.44398340248962653,3.306190252304077
