,model,score,MSE
0,Transformer Iris,0.008298755186721992,3.8412692546844482
