,model,score,MSE
0,GAT RNN Encoder,0.02109704641350211,3.190629005432129
