,model,score,MSE
0,Transformer,0.3888888888888889,3.9356870651245117
