model,mean,std
Multistep Predictor,8.83577569325765,0.0264182380475079
RSSM Discrete,8.80389658610026,0.0589277860223881
RSSM Continuous,10.473106066385904,1.29810713748129
Multistep Delta,8.95871607462565,0.09226953250045998
Transformer,13.487617492675781,0.7779235176595612
SGNet,8.19575023651123,0.06761143828837278
Hierarchical Oracle Model,1.171807885169983,0.1575467023089675
