,model,score,ADE,FDE
0,GT End State S1,0.9950900163666121,2.7021260261535645,1.2989119291305542
1,GT End State S2,0.9950900163666121,2.605172634124756,1.0039377212524414
2,GT End State S3,0.9918166939443536,2.573113203048706,0.9749727845191956
