,model,score,MSE
0,GT End State S1,0.9934533551554828,0.4464796185493469
1,GT End State S2,0.9950900163666121,0.44385746121406555
2,GT End State S3,0.9926350245499181,0.45203131437301636
