,accuracy,precision,recall,model,ADE,FDE,epoch,dataset
0,0.42575707642169247,0.4222008578612631,0.9951194003834757,Deter. Event Model DS 1000,7.879820823669434,8.619980812072754,/data3/ziyxiang/swm_data_and_results/checkpoint/models/em_deter_1000/mp_model_epoch29999,swm_data.pkl
1,0.5892196711706763,0.5061267470802221,0.9215617918772878,Deter. Event Model DS 10000,6.265876770019531,6.8836588859558105,/data3/ziyxiang/swm_data_and_results/checkpoint/models/em_deter_10000/mp_model_epoch19400,swm_data.pkl
2,0.684646087370464,0.5846144749290445,0.8616872930102841,Deter. Event Model DS 20000,5.355255603790283,5.806167125701904,/data3/ziyxiang/swm_data_and_results/checkpoint/models/em_deter_20000/mp_model_epoch7800,swm_data.pkl
3,0.7910578930023069,0.8187444739168878,0.6456336064145024,Deter. Event Model DS 1e5,4.242259502410889,4.932810306549072,/data3/ziyxiang/swm_data_and_results/checkpoint/models/em_deter_1e5/mp_model_epoch1200,swm_data.pkl
4,0.42509795305576914,0.421960407741173,0.9957294753355412,Stoch. Event Model DS 1000,8.358588218688965,9.56197452545166,/data3/ziyxiang/swm_data_and_results/checkpoint/models/em_stoch_1000/mp_model_epoch29999,swm_data.pkl
5,0.5274817825625252,0.46906636670416196,0.9449189471849399,Stoch. Event Model DS 10000,6.907956123352051,7.990050315856934,/data3/ziyxiang/swm_data_and_results/checkpoint/models/em_stoch_10000/mp_model_epoch16000,swm_data.pkl
6,0.6795928082317185,0.5824854651162791,0.8382429841380512,Stoch. Event Model DS 20000,6.2601189613342285,7.182114124298096,/data3/ziyxiang/swm_data_and_results/checkpoint/models/em_stoch_20000/mp_model_epoch6200,swm_data.pkl
7,0.8091471676004248,0.8503020810024614,0.6623670908140143,Stoch. Event Model DS 1e5,4.168447017669678,4.9919233322143555,/data3/ziyxiang/swm_data_and_results/checkpoint/models/em_stoch_1e5/mp_model_epoch3400,swm_data.pkl
