,model,score,ADE,FDE,epoch,dataset
0,GT End State S1,0.0,8.589665412902832,8.678606986999512,4400,swm_data.pkl
1,GT End State S2,0.01639344262295082,8.582975387573242,8.616228103637695,6200,swm_data.pkl
2,GT End State S3,0.01639344262295082,8.655878067016602,8.924286842346191,5800,swm_data.pkl
