,model,score,MSE
0,Multistep Predictor DS1,0.3360995850622407,3.7660412788391113
