,accuracy,precision,recall,model,ADE,FDE,epoch,dataset
0,0.759310117543667,0.9094402673350042,0.47437685201324736,SGNet 10 S2,5.908361434936523,6.219371795654297,1800,swm_data.pkl
