,accuracy,precision,recall,model,ADE,FDE,epoch,dataset
0,0.599729027060676,0.8818565400843882,0.05464528499215618,SGNet 10 S3,5.964720726013184,6.287697792053223,1600,swm_data.pkl
