,accuracy,precision,recall,model,ADE,FDE,epoch,dataset
0,0.6003149144970522,0.9056603773584906,0.054383824298413805,SGNet 10 S2,5.863211631774902,6.171858787536621,1800,swm_data.pkl
