,model,score,MSE
0,Transformer Iris,0.004149377593360996,7.861557960510254
1,Transformer Iris Concat Pos Embd,0.2157676348547718,7.840005397796631
2,Transformer Iris Concat Pos Embd lr1e-4,0.26141078838174275,7.13175630569458
3,Transformer Iris Concat Pos Embd lr1e-5,0.13692946058091288,7.510117053985596
