,model,g2_acc,g2_goal_num,g2_mse,g3_acc,g3_goal_num,g3_mse
0,Transformer Iris,0.5865384615384616,2nd Goal,6.749363422393799,0.5576923076923077,3rd Goal,6.749363422393799
1,Transformer Iris Concat Pos Embd,0.8846153846153846,2nd Goal,6.314493656158447,0.8173076923076923,3rd Goal,6.314493656158447
2,Transformer Iris Concat Pos Embd lr1e-4,0.6730769230769231,2nd Goal,6.621200084686279,0.7307692307692307,3rd Goal,6.621200084686279
3,Transformer Iris Concat Pos Embd lr1e-5,0.5096153846153846,2nd Goal,7.421821117401123,0.6442307692307693,3rd Goal,7.421821117401123
